<?xml version="1.0" encoding="utf-8" standalone="yes"?>
<window>
    <zorder>0.52</zorder>
    <coordinates>
        <left>0</left>
        <top>0</top>
    </coordinates>
    <controls>
        <control type="image">
            <animation type="WindowOpen" reversible="false">
                <effect type="fade" delay="160" end="100" time="100" />
            </animation>
            <animation type="WindowClose" reversible="false">
                <effect type="fade" delay="160" start="100" end="0" time="100" />
            </animation>
            <top>0</top>
            <left>0</left>
            <width>100%</width>
            <height>100%</height>
            <texture colordiffuse="88000000">white.png</texture>
        </control>
        <control type="group">
            <animation type="WindowOpen" reversible="false">
                <effect type="slide" start="100,0" end="0,0" delay="160" time="160" />
                <effect type="fade" delay="160" end="100" time="100" />
            </animation>
            <animation type="WindowClose" reversible="false">
                <effect type="slide" start="0,0" end="100,0" delay="160" time="160" />
                <effect type="fade" delay="160" start="100" end="0" time="100" />
            </animation>
            <description>Main Group</description>
            <top>210</top>
            <left>200</left>
            <width>880</width>
            <height>300</height>
            <control type="image">
                <description>Window Background</description>
                <width>100%</width>
                <height>100%</height>
                <texture colordiffuse="FF232323">white.png</texture>
            </control>
            <control type="grouplist">
                <description>Compiler</description>
                <top>40</top>
                <left>30</left>
                <width>820</width>
                <height>250</height>
                <itemgap>10</itemgap>
                <control type="edit" id="1">
                    <description>Title</description>
                    <ondown>2</ondown>
                    <left>0</left>
                    <height>50</height>
                    <width>100%</width>
                    <aligny>center</aligny>
                    <label>$ADDON[plugin.video.wltvhelper 30138]</label>
                    <hinttext></hinttext>
                    <font>font13</font>
                    <textoffsetx>30</textoffsetx>
                    <textcolor>FFFFFFFF</textcolor>
                    <disabledcolor>FF000000</disabledcolor>
                    <invalidcolor>FFB2D4F5</invalidcolor>
                    <texturefocus colordiffuse="55FFFFFF">white.png</texturefocus>
                    <texturenofocus colordiffuse="00FFFFFF">white.png</texturenofocus>
                </control>
                <control type="grouplist" id="2">
                    <orientation>horizontal</orientation>
                    <height>50</height>
                    <width>100%</width>
                    <itemgap>10</itemgap>
                    <control type="edit" id="21">
                        <description>List selector</description>
                        <onup>1</onup>
                        <ondown>3</ondown>
                        <height>50</height>
                        <width>760</width>
                        <aligny>center</aligny>
                        <label>$ADDON[plugin.video.wltvhelper 30136]</label>
                        <hinttext></hinttext>
                        <font>font13</font>
                        <textoffsetx>30</textoffsetx>
                        <textcolor>FFFFFFFF</textcolor>
                        <disabledcolor>FF000000</disabledcolor>
                        <invalidcolor>FFB2D4F5</invalidcolor>
                        <texturefocus colordiffuse="55FFFFFF">white.png</texturefocus>
                        <texturenofocus colordiffuse="00FFFFFF">white.png</texturenofocus>
                    </control>
                    <control type="button" id="22">
                        <description>List browser</description>
                        <onup>1</onup>
                        <ondown>3</ondown>
                        <height>50</height>
                        <width>50</width>
                        <texturefocus colordiffuse="FFFFFFFF">search.png</texturefocus>
                        <texturenofocus colordiffuse="55FFFFFF">search.png</texturenofocus>
                    </control>
                </control>
                <control type="grouplist" id="3">
                    <orientation>horizontal</orientation>
                    <height>50</height>
                    <width>100%</width>
                    <itemgap>10</itemgap>
                    <control type="edit" id="31">
                        <description>List selector</description>
                        <onup>2</onup>
                        <ondown>4</ondown>
                        <height>50</height>
                        <width>760</width>
                        <aligny>center</aligny>
                        <label>$ADDON[plugin.video.wltvhelper 30137]</label>
                        <hinttext></hinttext>
                        <font>font13</font>
                        <textoffsetx>30</textoffsetx>
                        <textcolor>FFFFFFFF</textcolor>
                        <disabledcolor>FF000000</disabledcolor>
                        <invalidcolor>FFB2D4F5</invalidcolor>
                        <texturefocus colordiffuse="55FFFFFF">white.png</texturefocus>
                        <texturenofocus colordiffuse="00FFFFFF">white.png</texturenofocus>
                    </control>
                    <control type="button" id="32">
                        <description>List browser</description>
                        <onup>2</onup>
                        <ondown>4</ondown>
                        <height>50</height>
                        <width>50</width>
                        <texturefocus colordiffuse="FFFFFFFF">search.png</texturefocus>
                        <texturenofocus colordiffuse="55FFFFFF">search.png</texturenofocus>
                    </control>
                </control>
                <control type="grouplist" id="4">
                    <orientation>horizontal</orientation>
                    <height>50</height>
                    <itemgap>10</itemgap>
                    <align>right</align>
                    <control type="button" id="41">
                        <description>OK</description>
                        <onup>3</onup>
                        <height>50</height>
                        <width>50</width>
                        <texturefocus colordiffuse="FFFFFFFF">ok.png</texturefocus>
                        <texturenofocus colordiffuse="55FFFFFF">ok.png</texturenofocus>
                    </control>
                    <control type="button" id="42">
                        <description>Close</description>
                        <onup>3</onup>
                        <height>50</height>
                        <width>50</width>
                        <texturefocus colordiffuse="FFFFFFFF">close.png</texturefocus>
                        <texturenofocus colordiffuse="55FFFFFF">close.png</texturenofocus>
                    </control>
                </control>
            </control>
        </control>
    </controls>
</window>