<?xml version="1.0" encoding="UTF-8" standalone="yes"?>
<addon id="repository.glive" name="[COLOR orangered]G-Live Repository[/COLOR]" version="1.0.0" provider-name="G-Man">
<extension point="xbmc.addon.repository" name="G-Live Repository">
    <dir>
        <info compressed="false">https://raw.githubusercontent.com/mrgsi/repository.glive/master/addons.xml</info>       <checksum>https://raw.githubusercontent.com/mrgsi/repository.glive/master/addons.xml.md5</checksum>
        <datadir zip="true">https://raw.githubusercontent.com/mrgsi/repository.glive/master/</datadir>
    </dir>   
    <dir>
		<info compressed="false">https://raw.githubusercontent.com/Mariusz89B/mods-kodi/master/mods-kodi-addons.xml</info>
		<checksum>https://raw.githubusercontent.com/Mariusz89B/mods-kodi/master/mods-kodi-addons.xml.md5</checksum>
		<datadir zip="true">https://github.com/Mariusz89B/mods-kodi/raw/master/</datadir>
	</dir>
    <dir>
		<info compressed="false">https://raw.githubusercontent.com/totaltec2014/ivue2/master/addons.xml</info>
		<checksum>https://raw.githubusercontent.com/totaltec2014/ivue2/master/addons.xml.md5</checksum>
		<datadir zip="true">https://raw.githubusercontent.com/totaltec2014/ivue2/master/</datadir>
	</dir>
</extension>
<extension point="xbmc.addon.metadata">
	<summary>A collection of Free-IPTV Add-ons</summary>
    <description>These IPTV add-ons are free to use, but keep in mind Free IPTV services can be a bit unstable and break easily.</description>
    <platform>all</platform>
    <assets>
        <icon>icon.png</icon>
    </assets>
</extension>
</addon>